id,nombre,fecha,accion
16,Usuario bartender,2024-11-22 00:47:04,El usuario se loggeo
16,Usuario bartender,2024-11-22 00:47:15,El usuario se loggeo
16,Usuario bartender,2024-11-22 00:51:31,El usuario se loggeo
15,elon,2024-11-22 01:01:38,
15,elon,2024-11-22 01:17:58,
15,elon,2024-11-22 01:19:43,Cosas
15,elon,2024-11-22 01:22:14,Cosas
15,elon,2024-11-22 01:23:11,Cosas
15,elon,2024-11-22 01:24:39,Cosas
15,elon,2024-11-22 01:24:52,Cosas
15,elon,2024-11-22 01:26:39,Cosas
15,elon,2024-11-22 01:27:33,Cosas
15,elon,2024-11-22 01:28:36,Cosas
15,elon,2024-11-22 01:29:57,Cosas
15,elon,2024-11-22 01:30:33,Cosas
15,elon,2024-11-22 01:34:16,Cosas
15,elon,2024-11-23 03:18:20,Cosas
15,elon,2024-11-23 03:18:29,El usuario se loggeo
15,elon,2024-11-23 03:18:42,Cosas
15,elon,2024-11-23 03:18:47,Cosas
15,elon,2024-11-23 03:19:05,El usuario se loggeo
15,elon,2024-11-23 03:19:24,Cosas
15,elon,2024-11-23 03:20:18,Cosas
15,elon,2024-11-23 03:20:27,El usuario se loggeo
15,elon,2024-11-23 03:23:53,Cosas
15,elon,2024-11-23 03:24:19,Cosas
15,elon,2024-11-23 03:24:55,El usuario se loggeo
15,elon,2024-11-23 03:28:02,El usuario se loggeo
15,elon,2024-11-23 03:28:23,El usuario se loggeo
15,elon,2024-11-23 03:28:30,Cosas
15,elon,2024-11-23 03:28:45,Cosas
15,elon,2024-11-23 03:29:00,Cosas
15,elon,2024-11-23 03:29:55,Cosas
15,elon,2024-11-23 03:30:05,Cosas
15,elon,2024-11-23 03:30:26,Cosas
15,elon,2024-11-23 03:30:34,Cosas
15,elon,2024-11-23 03:30:47,Cosas
15,elon,2024-11-23 03:31:12,Cosas
15,elon,2024-11-23 03:31:27,Cosas
15,elon,2024-11-23 03:31:41,Cosas
15,elon,2024-11-23 03:31:52,Cosas
15,elon,2024-11-23 03:33:01,Cosas
15,elon,2024-11-23 03:33:20,Cosas
15,elon,2024-11-23 03:33:29,Cosas
15,elon,2024-11-23 03:33:42,Cosas
15,elon,2024-11-23 03:34:00,Cosas
15,elon,2024-11-23 03:34:26,Cosas
15,elon,2024-11-23 03:34:51,Cosas
15,elon,2024-11-23 03:35:28,Cosas
15,elon,2024-11-23 03:35:42,Cosas
15,elon,2024-11-23 03:35:53,Cosas
15,elon,2024-11-23 03:36:14,Cosas
15,elon,2024-11-23 03:36:26,Cosas
15,elon,2024-11-23 03:36:38,Cosas
15,elon,2024-11-23 03:37:15,Cosas
15,elon,2024-11-23 03:37:40,Cosas
15,elon,2024-11-23 03:38:07,Cosas
15,elon,2024-11-23 03:38:19,Cosas
15,elon,2024-11-23 03:38:33,Cosas
15,elon,2024-11-23 03:38:51,Cosas
15,elon,2024-11-23 03:39:08,Cosas
15,elon,2024-11-23 03:39:16,Cosas
15,elon,2024-11-23 03:39:42,Cosas
15,elon,2024-11-23 03:39:53,Cosas
15,elon,2024-11-23 03:40:30,Cosas
15,elon,2024-11-23 03:40:46,Cosas
15,elon,2024-11-23 03:41:56,Cosas
15,elon,2024-11-23 03:42:26,Cosas
15,elon,2024-11-23 03:42:37,Cosas
15,elon,2024-11-23 03:44:07,Cosas
15,elon,2024-11-23 03:45:31,Cosas
15,elon,2024-11-23 03:45:47,Cosas
15,elon,2024-11-23 03:49:34,Cosas
15,elon,2024-11-23 16:36:39,El usuario se loggeo
15,elon,2024-11-23 16:36:57,Cosas
15,elon,2024-11-23 16:37:00,Cosas
15,elon,2024-11-23 16:37:28,Cosas
15,elon,2024-11-23 16:37:37,Cosas
15,elon,2024-11-23 16:37:59,Cosas
15,elon,2024-11-23 16:38:18,Cosas
15,elon,2024-11-23 16:38:42,El usuario se loggeo
15,elon,2024-11-23 16:38:45,Cosas
15,elon,2024-11-23 16:38:50,Cosas
15,elon,2024-11-23 16:39:07,Cosas
15,elon,2024-11-23 16:39:16,Cosas
15,elon,2024-11-23 16:39:37,Cosas
15,elon,2024-11-23 16:39:41,Cosas
15,elon,2024-11-23 16:40:13,Cosas
15,elon,2024-11-23 16:41:51,Cosas
15,elon,2024-11-23 16:42:49,Cosas
15,elon,2024-11-23 16:42:52,Cosas
15,elon,2024-11-23 20:05:00,Cosas
15,elon,2024-11-23 20:54:00,Cosas
15,elon,2024-11-23 20:54:22,Cosas
15,elon,2024-11-23 20:55:59,Cosas
15,elon,2024-11-23 20:56:13,Cosas
15,elon,2024-11-23 23:49:43,Cosas
15,elon,2024-11-23 23:56:43,Cosas
15,elon,2024-11-23 23:57:55,Cosas
15,elon,2024-11-23 23:58:53,Cosas
15,elon,2024-11-24 15:18:44,Cosas
15,elon,2024-11-24 15:27:18,Cosas
15,elon,2024-11-24 15:28:18,Cosas
15,elon,2024-11-24 15:28:47,Cosas
15,elon,2024-11-24 15:29:29,Cosas
15,elon,2024-11-24 15:30:40,Cosas
15,elon,2024-11-24 15:46:37,Cosas
15,elon,2024-11-24 15:48:05,Cosas
15,elon,2024-11-24 15:48:28,Cosas
15,elon,2024-11-24 15:48:58,Cosas
15,elon,2024-11-24 15:49:35,Cosas
15,elon,2024-11-24 15:49:56,Cosas
15,elon,2024-11-24 15:50:06,Cosas
15,elon,2024-11-24 15:50:13,Cosas
15,elon,2024-11-24 15:50:23,Cosas
15,elon,2024-11-24 15:51:01,Cosas
15,elon,2024-11-24 15:51:26,Cosas
15,elon,2024-11-24 15:52:46,Cosas
